,id,name,email,gender,status
0,7538740,Brahma Guha,guha_brahma@waelchi.example,female,active
1,7538728,Eekalabya Prajapat,eekalabya_prajapat@lindgren-kassulke.test,male,inactive
2,7538727,Chapal Dutta,dutta_chapal@yost-heathcote.test,female,active
3,7538726,Deeptendu Patil,patil_deeptendu@rippin.example,female,inactive
4,7538725,Miss Rajan Tandon,rajan_miss_tandon@king-reilly.example,female,active
5,7538724,Amb. Rita Kaniyar,rita_amb_kaniyar@lehner.test,male,inactive
6,7538723,Darshwana Pilla V,v_darshwana_pilla@okeefe.example,male,inactive
7,7538722,Akshita Panicker,panicker_akshita@pfannerstill-schoen.test,female,inactive
8,7538721,Surya Kaur DDS,dds_kaur_surya@cole.example,female,active
9,7538720,Prema Khatri II,khatri_ii_prema@haley.test,male,inactive
